{
  "Llama-3.2-1B": {
    "0": {
      "accuracy": 0.5642289633626302,
      "std_accuracy": 0.020426254131055574,
      "auc": 0.499769464446212,
      "std_auc": 0.0026706743031070564
    },
    "1": {
      "accuracy": 0.5606357001140149,
      "std_accuracy": 0.022947090202658747,
      "auc": 0.5827638350911558,
      "std_auc": 0.01743003766270721
    },
    "2": {
      "accuracy": 0.5744175816283474,
      "std_accuracy": 0.016539819115356735,
      "auc": 0.5788718812311489,
      "std_auc": 0.015468015547879865
    },
    "3": {
      "accuracy": 0.5753081543060805,
      "std_accuracy": 0.02735878099068657,
      "auc": 0.5961722961173119,
      "std_auc": 0.02122161491627866
    },
    "4": {
      "accuracy": 0.5597527583513633,
      "std_accuracy": 0.010011585977109798,
      "auc": 0.5772781484960808,
      "std_auc": 0.018892125452571937
    },
    "5": {
      "accuracy": 0.5621434791586243,
      "std_accuracy": 0.014556655979990138,
      "auc": 0.5820929895653921,
      "std_auc": 0.016165625845253193
    },
    "6": {
      "accuracy": 0.5675385361211609,
      "std_accuracy": 0.01309122747328106,
      "auc": 0.589640655431076,
      "std_auc": 0.008721893962391985
    },
    "7": {
      "accuracy": 0.5657367424072395,
      "std_accuracy": 0.016518564762013327,
      "auc": 0.5889022798800407,
      "std_auc": 0.01259352516285824
    },
    "8": {
      "accuracy": 0.5513529163561932,
      "std_accuracy": 0.01761109287665021,
      "auc": 0.5530992079006397,
      "std_auc": 0.017631277801332983
    },
    "9": {
      "accuracy": 0.5780184757920441,
      "std_accuracy": 0.005704262498821307,
      "auc": 0.6031996713336787,
      "std_auc": 0.017320770316865054
    },
    "10": {
      "accuracy": 0.5714226718975842,
      "std_accuracy": 0.013160660153120493,
      "auc": 0.592762753465735,
      "std_auc": 0.01776577797831185
    },
    "11": {
      "accuracy": 0.5840056019894244,
      "std_accuracy": 0.007622634531173775,
      "auc": 0.6080869410721315,
      "std_auc": 0.0034748263905852953
    },
    "12": {
      "accuracy": 0.5801097954017004,
      "std_accuracy": 0.0073582880760976604,
      "auc": 0.6109530939897976,
      "std_auc": 0.006958026234446919
    },
    "13": {
      "accuracy": 0.5795136862706372,
      "std_accuracy": 0.010302422676723285,
      "auc": 0.6043570805359455,
      "std_auc": 0.013282288631330297
    },
    "14": {
      "accuracy": 0.5828012640386393,
      "std_accuracy": 0.017899096934389475,
      "auc": 0.6083777930589337,
      "std_auc": 0.019888559372593796
    },
    "15": {
      "accuracy": 0.5729210245176812,
      "std_accuracy": 0.017970846507067862,
      "auc": 0.5985891818918392,
      "std_auc": 0.02081517920550969
    },
    "16": {
      "accuracy": 0.565430159171911,
      "std_accuracy": 0.020310687258540887,
      "auc": 0.5936414821147445,
      "std_auc": 0.01653903741481221
    }
  },
  "Llama-3.2-1B-Instruct": {
    "0": {
      "accuracy": 0.5642289633626302,
      "std_accuracy": 0.020426254131055574,
      "auc": 0.4997713110489247,
      "std_auc": 0.0026707053843838865
    },
    "1": {
      "accuracy": 0.5861036547594466,
      "std_accuracy": 0.013305780399627232,
      "auc": 0.6036142162287667,
      "std_auc": 0.024679046122394382
    },
    "2": {
      "accuracy": 0.564837192182352,
      "std_accuracy": 0.006832331222991096,
      "auc": 0.5794859122658058,
      "std_auc": 0.007076701694888074
    },
    "3": {
      "accuracy": 0.5744112973453392,
      "std_accuracy": 0.023460198154171195,
      "auc": 0.5937033961435266,
      "std_auc": 0.023551924566521647
    },
    "4": {
      "accuracy": 0.5657318047563045,
      "std_accuracy": 0.014983942690974502,
      "auc": 0.5769321032750153,
      "std_auc": 0.014788955525806087
    },
    "5": {
      "accuracy": 0.552858451014014,
      "std_accuracy": 0.011050355596082242,
      "auc": 0.5697905249397405,
      "std_auc": 0.019569601317459565
    },
    "6": {
      "accuracy": 0.5702241693524496,
      "std_accuracy": 0.017798621843497817,
      "auc": 0.5923514954861272,
      "std_auc": 0.01757651594216794
    },
    "7": {
      "accuracy": 0.5654306080492688,
      "std_accuracy": 0.02101584816578032,
      "auc": 0.573420639508406,
      "std_auc": 0.021393030790264073
    },
    "8": {
      "accuracy": 0.5594430329745307,
      "std_accuracy": 0.015394468734644517,
      "auc": 0.5748980365852973,
      "std_auc": 0.02248129293324393
    },
    "9": {
      "accuracy": 0.5723258131413335,
      "std_accuracy": 0.011110602837615774,
      "auc": 0.5866038050766541,
      "std_auc": 0.008221962555344648
    },
    "10": {
      "accuracy": 0.5744193771377785,
      "std_accuracy": 0.010767744776257773,
      "auc": 0.60115257496259,
      "std_auc": 0.012490112068325235
    },
    "11": {
      "accuracy": 0.5789135372433544,
      "std_accuracy": 0.009253953598680474,
      "auc": 0.5967983386668476,
      "std_auc": 0.01681434736008793
    },
    "12": {
      "accuracy": 0.5714298539353078,
      "std_accuracy": 0.01075822650501287,
      "auc": 0.5876224449207906,
      "std_auc": 0.01620871582319336
    },
    "13": {
      "accuracy": 0.5738219213746419,
      "std_accuracy": 0.009609959506478995,
      "auc": 0.5957429928602596,
      "std_auc": 0.013153533056317815
    },
    "14": {
      "accuracy": 0.5816108412859439,
      "std_accuracy": 0.010915724365994977,
      "auc": 0.5988870005352238,
      "std_auc": 0.004838492382088033
    },
    "15": {
      "accuracy": 0.5789144349980699,
      "std_accuracy": 0.010571225065483837,
      "auc": 0.5958689481868984,
      "std_auc": 0.004035281218861356
    },
    "16": {
      "accuracy": 0.5926788102954511,
      "std_accuracy": 0.02289323462965314,
      "auc": 0.6190904120105419,
      "std_auc": 0.02309815137557439
    }
  },
  "Llama-3.2-1B-Instruct-safety": {
    "0": {
      "accuracy": 0.5642289633626302,
      "std_accuracy": 0.020426254131055574,
      "auc": 0.4997713110489247,
      "std_auc": 0.0026707053843838865
    },
    "1": {
      "accuracy": 0.5777181768397239,
      "std_accuracy": 0.013175343676619024,
      "auc": 0.5992127537655291,
      "std_auc": 0.022512951658339445
    },
    "2": {
      "accuracy": 0.5657367424072395,
      "std_accuracy": 0.006091547336460372,
      "auc": 0.5782878704416411,
      "std_auc": 0.012723627869960322
    },
    "3": {
      "accuracy": 0.5765142877662965,
      "std_accuracy": 0.011197526591002404,
      "auc": 0.5964085336945405,
      "std_auc": 0.01086022121566116
    },
    "4": {
      "accuracy": 0.557945578109149,
      "std_accuracy": 0.01588226523159414,
      "auc": 0.5734391378421082,
      "std_auc": 0.01666867278921106
    },
    "5": {
      "accuracy": 0.5477645907585129,
      "std_accuracy": 0.011645258122890958,
      "auc": 0.5666762010639007,
      "std_auc": 0.010931186788189983
    },
    "6": {
      "accuracy": 0.5513569562524128,
      "std_accuracy": 0.010897867250935198,
      "auc": 0.5675798057330692,
      "std_auc": 0.00982837252194438
    },
    "7": {
      "accuracy": 0.5528548599951522,
      "std_accuracy": 0.010499755165995694,
      "auc": 0.5668447504003102,
      "std_auc": 0.01219034879994194
    },
    "8": {
      "accuracy": 0.5663341981703759,
      "std_accuracy": 0.01085794678333979,
      "auc": 0.5794462857098657,
      "std_auc": 0.012477632613147252
    },
    "9": {
      "accuracy": 0.5774169801326882,
      "std_accuracy": 0.019372655671745096,
      "auc": 0.5942152056652931,
      "std_auc": 0.027195372148174867
    },
    "10": {
      "accuracy": 0.5636404851466482,
      "std_accuracy": 0.020390600726531427,
      "auc": 0.5913906665739608,
      "std_auc": 0.015864166469515176
    },
    "11": {
      "accuracy": 0.5639394374668953,
      "std_accuracy": 0.0050241362211703704,
      "auc": 0.5882822975415836,
      "std_auc": 0.0074465252326424685
    },
    "12": {
      "accuracy": 0.5756165330508398,